tiny_id,label,type,niem,source,exact_match,members,supersedes_ct_id,flags,decision,note
brfss-annual-sequence-number,Annual Sequence Number (SEQNO),XdString,,BRFSS 2022,,,,,accept,"Tim 2026-09-26: PRD approved, all seven models"
brfss-average-drinks-per-day,Average Alcoholic Drinks per Day in Past 30 (AVEDRNK3),XdCount,,BRFSS 2022,,,,,accept,"Tim 2026-09-26: PRD approved, all seven models"
brfss-binge-drinking-occasions,Binge Drinking Occasions in Past 30 (DRNK3GE5),XdCount,,BRFSS 2022,,,,,accept,"Tim 2026-09-26: PRD approved, all seven models"
brfss-blind-or-difficulty-seeing,Blind or Serious Difficulty Seeing (BLIND),XdToken,,BRFSS 2022,,,,,accept,"Tim 2026-09-26: PRD approved, all seven models"
brfss-bmi-category,Computed Body Mass Index Category (_BMI5CAT),XdToken,,BRFSS 2022,,,,,accept,"Tim 2026-09-26: PRD approved, all seven models"
brfss-body-measures,BRFSS Body Measures,Cluster,,BRFSS 2022,https://loinc.org/39156-5/,brfss-reported-height | brfss-reported-weight-in-pounds | https://axius-sdc.com/library/fhir/vital-signs-panel | brfss-bmi-category,,,accept,"Tim 2026-09-26: PRD approved, all seven models"
brfss-chronic-conditions,BRFSS Chronic Conditions,Cluster,,BRFSS 2022,http://purl.obolibrary.org/obo/NCIT_C2991,chronic-condition-indicators | brfss-still-have-asthma,,,accept,"Tim 2026-09-26: PRD approved, all seven models"
brfss-computed-smoking-status,Computed Smoking Status (_SMOKER3),XdToken,,BRFSS 2022,,,,,accept,"Tim 2026-09-26: PRD approved, all seven models"
brfss-days-drank-alcohol,Days in Past 30 Had Alcoholic Beverage (ALCDAY4),XdCount,,BRFSS 2022,,,,,accept,"Tim 2026-09-26: PRD approved, all seven models"
brfss-days-mental-health-not-good,"Days Mental Health Not Good, Past 30 (MENTHLTH)",XdCount,,BRFSS 2022,,,,,accept,"Tim 2026-09-26: PRD approved, all seven models"
brfss-days-physical-health-not-good,"Days Physical Health Not Good, Past 30 (PHYSHLTH)",XdCount,,BRFSS 2022,,,,,accept,"Tim 2026-09-26: PRD approved, all seven models"
brfss-deaf-or-hard-of-hearing,Deaf or Serious Difficulty Hearing (DEAF),XdToken,,BRFSS 2022,,,,,accept,"Tim 2026-09-26: PRD approved, all seven models"
brfss-demographics,BRFSS Demographics,Cluster,,BRFSS 2022,http://purl.obolibrary.org/obo/NCIT_C16495,https://axius-sdc.com/library/default/administrative-gender | brfss-sex-of-respondent | ct:wuvdeiwoe5bna7nlhcl1c4h9 | brfss-imputed-age-80 | ct:u5tietya3u56hbz2kos06ai7 | brfss-imputed-race-ethnicity | ct:xtbtk7ro6s9247bcwt4ak4h1 | brfss-education-level | ct:qsetd453kk9own8co1wmc5cz | brfss-marital-status | ct:oy35qocyvn0zxq8ni4azvz39 | brfss-employment-status | ct:luq973ggnjoo9ixkt0dym8v6 | brfss-primary-source-of-insurance | veteran-status | ct:owjt9bcgisxfbco8qnddo2fq | brfss-pregnancy-status | brfss-number-of-children-in-household | brfss-income-level,,,accept,"Tim 2026-09-26: PRD approved, all seven models"
brfss-difficulty-concentrating-or-remembering,"Serious Difficulty Concentrating, Remembering or Deciding (DECIDE)",XdToken,,BRFSS 2022,,,,,accept,"Tim 2026-09-26: PRD approved, all seven models"
brfss-difficulty-doing-errands-alone,Difficulty Doing Errands Alone (DIFFALON),XdToken,,BRFSS 2022,,,,,accept,"Tim 2026-09-26: PRD approved, all seven models"
brfss-difficulty-dressing-or-bathing,Difficulty Dressing or Bathing (DIFFDRES),XdToken,,BRFSS 2022,,,,,accept,"Tim 2026-09-26: PRD approved, all seven models"
brfss-difficulty-walking-or-climbing-stairs,Serious Difficulty Walking or Climbing Stairs (DIFFWALK),XdToken,,BRFSS 2022,,,,,accept,"Tim 2026-09-26: PRD approved, all seven models"
brfss-disability,BRFSS Disability,Cluster,,BRFSS 2022,http://purl.obolibrary.org/obo/NCIT_C21007,brfss-deaf-or-hard-of-hearing | brfss-blind-or-difficulty-seeing | brfss-difficulty-concentrating-or-remembering | brfss-difficulty-walking-or-climbing-stairs | brfss-difficulty-dressing-or-bathing | brfss-difficulty-doing-errands-alone,,,accept,"Tim 2026-09-26: PRD approved, all seven models"
brfss-e-cigarette-use,Current E-cigarette Use (ECIGNOW2),XdToken,,BRFSS 2022,,,,,accept,"Tim 2026-09-26: PRD approved, all seven models"
brfss-education-level,Education Level (EDUCA),XdToken,,BRFSS 2022,,,,,accept,"Tim 2026-09-26: PRD approved, all seven models"
brfss-employment-status,Employment Status (EMPLOY1),XdToken,,BRFSS 2022,,,,,accept,"Tim 2026-09-26: PRD approved, all seven models"
brfss-exercise-in-past-30-days,Exercise in Past 30 Days (EXERANY2),XdToken,,BRFSS 2022,,,,,accept,"Tim 2026-09-26: PRD approved, all seven models"
brfss-final-weight,Final Weight: Land-line and Cell-phone Data (_LLCPWT),XdQuantity,,BRFSS 2022,,,,,accept,"Tim 2026-09-26: PRD approved, all seven models"
brfss-frequency-of-days-now-smoking,Frequency of Days Now Smoking (SMOKDAY2),XdToken,,BRFSS 2022,,,,,accept,"Tim 2026-09-26: PRD approved, all seven models"
brfss-health-status,BRFSS Health Status and Access,Cluster,,BRFSS 2022,http://purl.obolibrary.org/obo/NCIT_C16669,general-health-status | brfss-days-physical-health-not-good | brfss-days-mental-health-not-good | brfss-length-since-last-checkup | brfss-exercise-in-past-30-days,,,accept,"Tim 2026-09-26: PRD approved, all seven models"
brfss-imputed-age-80,Imputed Age Value Collapsed Above 80 (_AGE80),XdCount,,BRFSS 2022,,,,,accept,"Tim 2026-09-26: PRD approved, all seven models"
brfss-imputed-race-ethnicity,Imputed Race/Ethnicity Value (_IMPRACE),XdToken,,BRFSS 2022,,,,,accept,"Tim 2026-09-26: PRD approved, all seven models"
brfss-income-level,Income Level (INCOME3),XdToken,,BRFSS 2022,,,,,accept,"Tim 2026-09-26: PRD approved, all seven models"
brfss-interview-date,Interview Date (IDATE),XdTemporal,,BRFSS 2022,,,,,accept,"Tim 2026-09-26: PRD approved, all seven models"
brfss-length-since-last-checkup,Length of Time Since Last Routine Checkup (CHECKUP1),XdToken,,BRFSS 2022,,,,,accept,"Tim 2026-09-26: PRD approved, all seven models"
brfss-marital-status,Marital Status (MARITAL),XdToken,,BRFSS 2022,,,,,accept,"Tim 2026-09-26: PRD approved, all seven models"
brfss-number-of-children-in-household,Number of Children in Household (CHILDREN),XdCount,,BRFSS 2022,,,,,accept,"Tim 2026-09-26: PRD approved, all seven models"
brfss-pregnancy-status,Pregnancy Status (PREGNANT),XdToken,,BRFSS 2022,,,,,accept,"Tim 2026-09-26: PRD approved, all seven models"
brfss-primary-sampling-unit,Primary Sampling Unit (_PSU),XdString,,BRFSS 2022,,,,,accept,"Tim 2026-09-26: PRD approved, all seven models"
brfss-primary-source-of-insurance,Primary Source of Health Insurance (PRIMINSR),XdToken,,BRFSS 2022,,,,,accept,"Tim 2026-09-26: PRD approved, all seven models"
brfss-reported-height,Reported Height in Feet and Inches (HEIGHT3),XdString,,BRFSS 2022,,,,,accept,"Tim 2026-09-26: PRD approved, all seven models"
brfss-reported-weight-in-pounds,Reported Weight in Pounds (WEIGHT2),XdQuantity,,BRFSS 2022,,,,,accept,"Tim 2026-09-26: PRD approved, all seven models"
brfss-respondent-governed-record,BRFSS Respondent Governed Record,Cluster,,FAIR Data Demo,http://www.w3.org/ns/prov#Entity,brfss-respondent | https://axius-sdc.com/library/provgov/prov-activity | https://axius-sdc.com/library/provgov/prov-agent | https://axius-sdc.com/library/provgov/audit-event,,,accept,"Tim 2026-09-26: PRD approved, all seven models"
brfss-respondent,BRFSS Respondent,Cluster,,BRFSS 2022,http://purl.obolibrary.org/obo/NCIT_C41189,brfss-annual-sequence-number | brfss-survey-design | brfss-demographics | brfss-health-status | brfss-chronic-conditions | brfss-body-measures | brfss-tobacco-and-alcohol | brfss-disability,,,accept,"Tim 2026-09-26: PRD approved, all seven models"
brfss-sample-design-stratum,Sample Design Stratification Variable (_STSTR),XdString,,BRFSS 2022,,,,,accept,"Tim 2026-09-26: PRD approved, all seven models"
brfss-sex-of-respondent,Sex of Respondent (SEXVAR),XdToken,,BRFSS 2022,,,,,accept,"Tim 2026-09-26: PRD approved, all seven models"
brfss-smoked-100-cigarettes,Smoked at Least 100 Cigarettes (SMOKE100),XdToken,,BRFSS 2022,,,,,accept,"Tim 2026-09-26: PRD approved, all seven models"
brfss-state-fips-code,State FIPS Code (_STATE),XdString,,BRFSS 2022,,,,,accept,"Tim 2026-09-26: PRD approved, all seven models"
brfss-still-have-asthma,Still Have Asthma (ASTHNOW),XdToken,,BRFSS 2022,,,,,accept,"Tim 2026-09-26: PRD approved, all seven models"
brfss-survey-design,BRFSS Survey Design,Cluster,,BRFSS 2022,http://purl.obolibrary.org/obo/NCIT_C142700,brfss-state-fips-code | brfss-interview-date | brfss-primary-sampling-unit | brfss-sample-design-stratum | brfss-final-weight,,,accept,"Tim 2026-09-26: PRD approved, all seven models"
brfss-tobacco-and-alcohol,BRFSS Tobacco and Alcohol Use,Cluster,,BRFSS 2022,https://loinc.org/72166-2/,brfss-smoked-100-cigarettes | brfss-frequency-of-days-now-smoking | smoking-status | brfss-computed-smoking-status | brfss-e-cigarette-use | brfss-days-drank-alcohol | brfss-average-drinks-per-day | brfss-binge-drinking-occasions,,,accept,"Tim 2026-09-26: PRD approved, all seven models"
chronic-condition-indicators,Chronic Condition Indicators,Cluster,,FAIR Data Demo,http://purl.obolibrary.org/obo/NCIT_C2991,condition-indicator-basis | condition-asthma | condition-arthritis | condition-congestive-heart-failure | condition-coronary-heart-disease | condition-angina | condition-heart-attack | condition-stroke | condition-emphysema | condition-chronic-bronchitis | condition-copd | condition-liver-condition | condition-thyroid-problem | condition-cancer | condition-skin-cancer | condition-depression | condition-kidney-disease | condition-diabetes | condition-alzheimers-disease | condition-osteoporosis | condition-high-blood-pressure | condition-high-cholesterol,,,accept,"Tim 2026-09-26: PRD approved, all seven models"
cms-admitting-diagnosis,Admitting Diagnosis,Cluster,,CMS DE-SynPUF,http://hl7.org/fhir/R4/encounter-definitions.html#Encounter.diagnosis,diagnosis-icd9cm,,,accept,"Tim 2026-09-26: PRD approved, all seven models"
cms-annual-amounts,CMS Annual Amounts,Cluster,,CMS DE-SynPUF,https://schema.org/MonetaryAmount,cms-annual-inpatient-medicare-reimbursement | cms-annual-inpatient-beneficiary-responsibility | cms-annual-inpatient-primary-payer-reimbursement | cms-annual-outpatient-medicare-reimbursement | cms-annual-outpatient-beneficiary-responsibility | cms-annual-outpatient-primary-payer-reimbursement | cms-annual-carrier-medicare-reimbursement | cms-annual-carrier-beneficiary-responsibility | cms-annual-carrier-primary-payer-reimbursement,,,accept,"Tim 2026-09-26: PRD approved, all seven models"
cms-annual-carrier-beneficiary-responsibility,Carrier Annual Beneficiary Responsibility,XdQuantity,,CMS DE-SynPUF,,,,,accept,"Tim 2026-09-26: PRD approved, all seven models"
cms-annual-carrier-medicare-reimbursement,Carrier Annual Medicare Reimbursement,XdQuantity,,CMS DE-SynPUF,,,,,accept,"Tim 2026-09-26: PRD approved, all seven models"
cms-annual-carrier-primary-payer-reimbursement,Carrier Annual Primary Payer Reimbursement,XdQuantity,,CMS DE-SynPUF,,,,,accept,"Tim 2026-09-26: PRD approved, all seven models"
cms-annual-inpatient-beneficiary-responsibility,Inpatient Annual Beneficiary Responsibility,XdQuantity,,CMS DE-SynPUF,,,,,accept,"Tim 2026-09-26: PRD approved, all seven models"
cms-annual-inpatient-medicare-reimbursement,Inpatient Annual Medicare Reimbursement,XdQuantity,,CMS DE-SynPUF,,,,,accept,"Tim 2026-09-26: PRD approved, all seven models"
cms-annual-inpatient-primary-payer-reimbursement,Inpatient Annual Primary Payer Reimbursement,XdQuantity,,CMS DE-SynPUF,,,,,accept,"Tim 2026-09-26: PRD approved, all seven models"
cms-annual-outpatient-beneficiary-responsibility,Outpatient Annual Beneficiary Responsibility,XdQuantity,,CMS DE-SynPUF,,,,,accept,"Tim 2026-09-26: PRD approved, all seven models"
cms-annual-outpatient-medicare-reimbursement,Outpatient Annual Medicare Reimbursement,XdQuantity,,CMS DE-SynPUF,,,,,accept,"Tim 2026-09-26: PRD approved, all seven models"
cms-annual-outpatient-primary-payer-reimbursement,Outpatient Annual Primary Payer Reimbursement,XdQuantity,,CMS DE-SynPUF,,,,,accept,"Tim 2026-09-26: PRD approved, all seven models"
cms-attending-physician-npi,Attending Physician NPI (AT_PHYSN_NPI),XdString,,CMS DE-SynPUF,,,,,accept,"Tim 2026-09-26: PRD approved, all seven models"
cms-beneficiary-code,Beneficiary Code (DESYNPUF_ID),XdString,,CMS DE-SynPUF,,,,,accept,"Tim 2026-09-26: PRD approved, all seven models"
cms-beneficiary-demographics,CMS Beneficiary Demographics,Cluster,,CMS DE-SynPUF,http://purl.obolibrary.org/obo/NCIT_C16495,https://axius-sdc.com/library/default/date-of-birth | https://axius-sdc.com/library/default/administrative-gender | cms-sex-code | https://axius-sdc.com/library/fhir/deceased-indicator | https://axius-sdc.com/library/fhir/deceased-date | ct:u5tietya3u56hbz2kos06ai7 | cms-race-code | cms-state-code | cms-county-code,,,accept,"Tim 2026-09-26: PRD approved, all seven models"
cms-beneficiary-discharge-date,Beneficiary Discharge Date (NCH_BENE_DSCHRG_DT),XdTemporal,,CMS DE-SynPUF,,,,,accept,"Tim 2026-09-26: PRD approved, all seven models"
cms-beneficiary-governed-record,CMS Beneficiary Governed Record,Cluster,,FAIR Data Demo,http://www.w3.org/ns/prov#Entity,cms-beneficiary | https://axius-sdc.com/library/provgov/prov-activity | https://axius-sdc.com/library/provgov/prov-agent | https://axius-sdc.com/library/provgov/audit-event,,,accept,"Tim 2026-09-26: PRD approved, all seven models"
cms-beneficiary,CMS Beneficiary,Cluster,,CMS DE-SynPUF,http://purl.obolibrary.org/obo/NCIT_C41189,cms-beneficiary-code | cms-beneficiary-demographics | cms-medicare-coverage | chronic-condition-indicators | cms-end-stage-renal-disease-indicator | cms-annual-amounts,,,accept,"Tim 2026-09-26: PRD approved, all seven models"
cms-blood-deductible-liability-amount,Blood Deductible Liability Amount,XdQuantity,,CMS DE-SynPUF,,,,,accept,"Tim 2026-09-26: PRD approved, all seven models"
cms-claim-admission-date,Claim Admission Date (CLM_ADMSN_DT),XdTemporal,,CMS DE-SynPUF,,,,,accept,"Tim 2026-09-26: PRD approved, all seven models"
cms-claim-diagnosis-1,Claim Diagnosis 1,Cluster,,CMS DE-SynPUF,http://hl7.org/fhir/R4/claim-definitions.html#Claim.diagnosis,diagnosis-icd9cm,,,accept,"Tim 2026-09-26: PRD approved, all seven models"
cms-claim-diagnosis-10,Claim Diagnosis 10,Cluster,,CMS DE-SynPUF,http://hl7.org/fhir/R4/claim-definitions.html#Claim.diagnosis,diagnosis-icd9cm,,,accept,"Tim 2026-09-26: PRD approved, all seven models"
cms-claim-diagnosis-2,Claim Diagnosis 2,Cluster,,CMS DE-SynPUF,http://hl7.org/fhir/R4/claim-definitions.html#Claim.diagnosis,diagnosis-icd9cm,,,accept,"Tim 2026-09-26: PRD approved, all seven models"
cms-claim-diagnosis-3,Claim Diagnosis 3,Cluster,,CMS DE-SynPUF,http://hl7.org/fhir/R4/claim-definitions.html#Claim.diagnosis,diagnosis-icd9cm,,,accept,"Tim 2026-09-26: PRD approved, all seven models"
cms-claim-diagnosis-4,Claim Diagnosis 4,Cluster,,CMS DE-SynPUF,http://hl7.org/fhir/R4/claim-definitions.html#Claim.diagnosis,diagnosis-icd9cm,,,accept,"Tim 2026-09-26: PRD approved, all seven models"
cms-claim-diagnosis-5,Claim Diagnosis 5,Cluster,,CMS DE-SynPUF,http://hl7.org/fhir/R4/claim-definitions.html#Claim.diagnosis,diagnosis-icd9cm,,,accept,"Tim 2026-09-26: PRD approved, all seven models"
cms-claim-diagnosis-6,Claim Diagnosis 6,Cluster,,CMS DE-SynPUF,http://hl7.org/fhir/R4/claim-definitions.html#Claim.diagnosis,diagnosis-icd9cm,,,accept,"Tim 2026-09-26: PRD approved, all seven models"
cms-claim-diagnosis-7,Claim Diagnosis 7,Cluster,,CMS DE-SynPUF,http://hl7.org/fhir/R4/claim-definitions.html#Claim.diagnosis,diagnosis-icd9cm,,,accept,"Tim 2026-09-26: PRD approved, all seven models"
cms-claim-diagnosis-8,Claim Diagnosis 8,Cluster,,CMS DE-SynPUF,http://hl7.org/fhir/R4/claim-definitions.html#Claim.diagnosis,diagnosis-icd9cm,,,accept,"Tim 2026-09-26: PRD approved, all seven models"
cms-claim-diagnosis-9,Claim Diagnosis 9,Cluster,,CMS DE-SynPUF,http://hl7.org/fhir/R4/claim-definitions.html#Claim.diagnosis,diagnosis-icd9cm,,,accept,"Tim 2026-09-26: PRD approved, all seven models"
cms-claim-hcpcs-1,Claim HCPCS 1,Cluster,,CMS DE-SynPUF,http://hl7.org/fhir/R4/claim-definitions.html#Claim.item,procedure-hcpcs,,,accept,"Tim 2026-09-26: PRD approved, all seven models"
cms-claim-hcpcs-10,Claim HCPCS 10,Cluster,,CMS DE-SynPUF,http://hl7.org/fhir/R4/claim-definitions.html#Claim.item,procedure-hcpcs,,,accept,"Tim 2026-09-26: PRD approved, all seven models"
cms-claim-hcpcs-2,Claim HCPCS 2,Cluster,,CMS DE-SynPUF,http://hl7.org/fhir/R4/claim-definitions.html#Claim.item,procedure-hcpcs,,,accept,"Tim 2026-09-26: PRD approved, all seven models"
cms-claim-hcpcs-3,Claim HCPCS 3,Cluster,,CMS DE-SynPUF,http://hl7.org/fhir/R4/claim-definitions.html#Claim.item,procedure-hcpcs,,,accept,"Tim 2026-09-26: PRD approved, all seven models"
cms-claim-hcpcs-4,Claim HCPCS 4,Cluster,,CMS DE-SynPUF,http://hl7.org/fhir/R4/claim-definitions.html#Claim.item,procedure-hcpcs,,,accept,"Tim 2026-09-26: PRD approved, all seven models"
cms-claim-hcpcs-5,Claim HCPCS 5,Cluster,,CMS DE-SynPUF,http://hl7.org/fhir/R4/claim-definitions.html#Claim.item,procedure-hcpcs,,,accept,"Tim 2026-09-26: PRD approved, all seven models"
cms-claim-hcpcs-6,Claim HCPCS 6,Cluster,,CMS DE-SynPUF,http://hl7.org/fhir/R4/claim-definitions.html#Claim.item,procedure-hcpcs,,,accept,"Tim 2026-09-26: PRD approved, all seven models"
cms-claim-hcpcs-7,Claim HCPCS 7,Cluster,,CMS DE-SynPUF,http://hl7.org/fhir/R4/claim-definitions.html#Claim.item,procedure-hcpcs,,,accept,"Tim 2026-09-26: PRD approved, all seven models"
cms-claim-hcpcs-8,Claim HCPCS 8,Cluster,,CMS DE-SynPUF,http://hl7.org/fhir/R4/claim-definitions.html#Claim.item,procedure-hcpcs,,,accept,"Tim 2026-09-26: PRD approved, all seven models"
cms-claim-hcpcs-9,Claim HCPCS 9,Cluster,,CMS DE-SynPUF,http://hl7.org/fhir/R4/claim-definitions.html#Claim.item,procedure-hcpcs,,,accept,"Tim 2026-09-26: PRD approved, all seven models"
cms-claim-id,Claim ID (CLM_ID),XdString,,CMS DE-SynPUF,,,,,accept,"Tim 2026-09-26: PRD approved, all seven models"
cms-claim-line-segment,Claim Line Segment (SEGMENT),XdCount,,CMS DE-SynPUF,,,,,accept,"Tim 2026-09-26: PRD approved, all seven models"
cms-claim-payment-amount,Claim Payment Amount,XdQuantity,,CMS DE-SynPUF,,,,,accept,"Tim 2026-09-26: PRD approved, all seven models"
cms-claim-procedure-1,Claim Procedure 1,Cluster,,CMS DE-SynPUF,http://hl7.org/fhir/R4/claim-definitions.html#Claim.procedure,procedure-icd9cm,,,accept,"Tim 2026-09-26: PRD approved, all seven models"
cms-claim-procedure-2,Claim Procedure 2,Cluster,,CMS DE-SynPUF,http://hl7.org/fhir/R4/claim-definitions.html#Claim.procedure,procedure-icd9cm,,,accept,"Tim 2026-09-26: PRD approved, all seven models"
cms-claim-procedure-3,Claim Procedure 3,Cluster,,CMS DE-SynPUF,http://hl7.org/fhir/R4/claim-definitions.html#Claim.procedure,procedure-icd9cm,,,accept,"Tim 2026-09-26: PRD approved, all seven models"
cms-claim-procedure-4,Claim Procedure 4,Cluster,,CMS DE-SynPUF,http://hl7.org/fhir/R4/claim-definitions.html#Claim.procedure,procedure-icd9cm,,,accept,"Tim 2026-09-26: PRD approved, all seven models"
cms-claim-procedure-5,Claim Procedure 5,Cluster,,CMS DE-SynPUF,http://hl7.org/fhir/R4/claim-definitions.html#Claim.procedure,procedure-icd9cm,,,accept,"Tim 2026-09-26: PRD approved, all seven models"
cms-claim-procedure-6,Claim Procedure 6,Cluster,,CMS DE-SynPUF,http://hl7.org/fhir/R4/claim-definitions.html#Claim.procedure,procedure-icd9cm,,,accept,"Tim 2026-09-26: PRD approved, all seven models"
cms-claim-utilization-day-count,Claim Utilization Day Count (CLM_UTLZTN_DAY_CNT),XdCount,,CMS DE-SynPUF,,,,,accept,"Tim 2026-09-26: PRD approved, all seven models"
cms-county-code,County Code (BENE_COUNTY_CD),XdString,,CMS DE-SynPUF,,,,,accept,"Tim 2026-09-26: PRD approved, all seven models"
cms-days-supply,Days Supply (DAYS_SUPLY_NUM),XdCount,,CMS DE-SynPUF,,,,,accept,"Tim 2026-09-26: PRD approved, all seven models"
cms-diagnosis-related-group-code,Diagnosis Related Group Code (CLM_DRG_CD),XdString,,CMS DE-SynPUF,,,,,accept,"Tim 2026-09-26: PRD approved, all seven models"
cms-end-stage-renal-disease-indicator,End-Stage Renal Disease Indicator (BENE_ESRD_IND),XdToken,,CMS DE-SynPUF,,,,,accept,"Tim 2026-09-26: PRD approved, all seven models"
cms-hmo-coverage-months,HMO Coverage Months,XdCount,,CMS DE-SynPUF,,,,,accept,"Tim 2026-09-26: PRD approved, all seven models"
cms-inpatient-claim-governed-record,CMS Inpatient Claim Governed Record,Cluster,,FAIR Data Demo,http://www.w3.org/ns/prov#Entity,cms-inpatient-claim | https://axius-sdc.com/library/provgov/prov-activity | https://axius-sdc.com/library/provgov/prov-agent | https://axius-sdc.com/library/provgov/audit-event,,,accept,"Tim 2026-09-26: PRD approved, all seven models"
cms-inpatient-claim,CMS Inpatient Claim,Cluster,,CMS DE-SynPUF,http://hl7.org/fhir/StructureDefinition/Claim,cms-beneficiary-code | cms-claim-id | cms-claim-line-segment | https://axius-sdc.com/library/fhir/encounter | cms-provider-institution | cms-claim-payment-amount | cms-primary-payer-claim-paid-amount | cms-attending-physician-npi | cms-operating-physician-npi | cms-other-physician-npi | cms-blood-deductible-liability-amount | cms-claim-admission-date | cms-beneficiary-discharge-date | cms-pass-through-per-diem-amount | cms-inpatient-deductible-amount | cms-part-a-coinsurance-liability-amount | cms-claim-utilization-day-count | cms-diagnosis-related-group-code | cms-admitting-diagnosis | cms-claim-diagnosis-1 | cms-claim-diagnosis-2 | cms-claim-diagnosis-3 | cms-claim-diagnosis-4 | cms-claim-diagnosis-5 | cms-claim-diagnosis-6 | cms-claim-diagnosis-7 | cms-claim-diagnosis-8 | cms-claim-diagnosis-9 | cms-claim-diagnosis-10 | cms-claim-procedure-1 | cms-claim-procedure-2 | cms-claim-procedure-3 | cms-claim-procedure-4 | cms-claim-procedure-5 | cms-claim-procedure-6 | cms-claim-hcpcs-1 | cms-claim-hcpcs-2 | cms-claim-hcpcs-3 | cms-claim-hcpcs-4 | cms-claim-hcpcs-5 | cms-claim-hcpcs-6 | cms-claim-hcpcs-7 | cms-claim-hcpcs-8 | cms-claim-hcpcs-9 | cms-claim-hcpcs-10,,,accept,"Tim 2026-09-26: PRD approved, all seven models"
cms-inpatient-deductible-amount,Inpatient Deductible Amount,XdQuantity,,CMS DE-SynPUF,,,,,accept,"Tim 2026-09-26: PRD approved, all seven models"
cms-medicare-coverage,CMS Medicare Coverage,Cluster,,CMS DE-SynPUF,http://hl7.org/fhir/StructureDefinition/Coverage,https://axius-sdc.com/library/fhir/insurance-coverage | cms-part-a-coverage-months | cms-part-b-coverage-months | cms-hmo-coverage-months | cms-part-d-coverage-months,,,accept,"Tim 2026-09-26: PRD approved, all seven models"
cms-operating-physician-npi,Operating Physician NPI (OP_PHYSN_NPI),XdString,,CMS DE-SynPUF,,,,,accept,"Tim 2026-09-26: PRD approved, all seven models"
cms-other-physician-npi,Other Physician NPI (OT_PHYSN_NPI),XdString,,CMS DE-SynPUF,,,,,accept,"Tim 2026-09-26: PRD approved, all seven models"
cms-outpatient-claim-governed-record,CMS Outpatient Claim Governed Record,Cluster,,FAIR Data Demo,http://www.w3.org/ns/prov#Entity,cms-outpatient-claim | https://axius-sdc.com/library/provgov/prov-activity | https://axius-sdc.com/library/provgov/prov-agent | https://axius-sdc.com/library/provgov/audit-event,,,accept,"Tim 2026-09-26: PRD approved, all seven models"
cms-outpatient-claim,CMS Outpatient Claim,Cluster,,CMS DE-SynPUF,http://hl7.org/fhir/StructureDefinition/Claim,cms-beneficiary-code | cms-claim-id | cms-claim-line-segment | https://axius-sdc.com/library/fhir/encounter | cms-provider-institution | cms-claim-payment-amount | cms-primary-payer-claim-paid-amount | cms-attending-physician-npi | cms-operating-physician-npi | cms-other-physician-npi | cms-blood-deductible-liability-amount | cms-part-b-coinsurance-amount | cms-part-b-deductible-amount | cms-admitting-diagnosis | cms-claim-diagnosis-1 | cms-claim-diagnosis-2 | cms-claim-diagnosis-3 | cms-claim-diagnosis-4 | cms-claim-diagnosis-5 | cms-claim-diagnosis-6 | cms-claim-diagnosis-7 | cms-claim-diagnosis-8 | cms-claim-diagnosis-9 | cms-claim-diagnosis-10 | cms-claim-procedure-1 | cms-claim-procedure-2 | cms-claim-procedure-3 | cms-claim-procedure-4 | cms-claim-procedure-5 | cms-claim-procedure-6 | cms-claim-hcpcs-1 | cms-claim-hcpcs-2 | cms-claim-hcpcs-3 | cms-claim-hcpcs-4 | cms-claim-hcpcs-5 | cms-claim-hcpcs-6 | cms-claim-hcpcs-7 | cms-claim-hcpcs-8 | cms-claim-hcpcs-9 | cms-claim-hcpcs-10,,,accept,"Tim 2026-09-26: PRD approved, all seven models"
cms-part-a-coinsurance-liability-amount,Part A Coinsurance Liability Amount,XdQuantity,,CMS DE-SynPUF,,,,,accept,"Tim 2026-09-26: PRD approved, all seven models"
cms-part-a-coverage-months,Hospital Insurance (Part A) Coverage Months,XdCount,,CMS DE-SynPUF,,,,,accept,"Tim 2026-09-26: PRD approved, all seven models"
cms-part-b-coinsurance-amount,Part B Coinsurance Amount,XdQuantity,,CMS DE-SynPUF,,,,,accept,"Tim 2026-09-26: PRD approved, all seven models"
cms-part-b-coverage-months,Supplementary Medical Insurance (Part B) Coverage Months,XdCount,,CMS DE-SynPUF,,,,,accept,"Tim 2026-09-26: PRD approved, all seven models"
cms-part-b-deductible-amount,Part B Deductible Amount,XdQuantity,,CMS DE-SynPUF,,,,,accept,"Tim 2026-09-26: PRD approved, all seven models"
cms-part-d-coverage-months,Part D Plan Coverage Months,XdCount,,CMS DE-SynPUF,,,,,accept,"Tim 2026-09-26: PRD approved, all seven models"
cms-pass-through-per-diem-amount,Claim Pass-Through Per Diem Amount,XdQuantity,,CMS DE-SynPUF,,,,,accept,"Tim 2026-09-26: PRD approved, all seven models"
cms-patient-pay-amount,Patient Pay Amount,XdQuantity,,CMS DE-SynPUF,,,,,accept,"Tim 2026-09-26: PRD approved, all seven models"
cms-prescription-drug-event-governed-record,CMS Prescription Drug Event Governed Record,Cluster,,FAIR Data Demo,http://www.w3.org/ns/prov#Entity,cms-prescription-drug-event | https://axius-sdc.com/library/provgov/prov-activity | https://axius-sdc.com/library/provgov/prov-agent | https://axius-sdc.com/library/provgov/audit-event,,,accept,"Tim 2026-09-26: PRD approved, all seven models"
cms-prescription-drug-event-id,Prescription Drug Event ID (PDE_ID),XdString,,CMS DE-SynPUF,,,,,accept,"Tim 2026-09-26: PRD approved, all seven models"
cms-prescription-drug-event,CMS Prescription Drug Event,Cluster,,CMS DE-SynPUF,http://hl7.org/fhir/StructureDefinition/MedicationDispense,cms-beneficiary-code | cms-prescription-drug-event-id | cms-service-date | product-ndc | cms-quantity-dispensed | cms-days-supply | cms-patient-pay-amount | cms-total-prescription-cost,,,accept,"Tim 2026-09-26: PRD approved, all seven models"
cms-primary-payer-claim-paid-amount,Primary Payer Claim Paid Amount,XdQuantity,,CMS DE-SynPUF,,,,,accept,"Tim 2026-09-26: PRD approved, all seven models"
cms-provider-institution,Provider Institution (PRVDR_NUM),XdString,,CMS DE-SynPUF,,,,,accept,"Tim 2026-09-26: PRD approved, all seven models"
cms-quantity-dispensed,Quantity Dispensed (QTY_DSPNSD_NUM),XdQuantity,,CMS DE-SynPUF,,,,,accept,"Tim 2026-09-26: PRD approved, all seven models"
cms-race-code,Race (BENE_RACE_CD),XdToken,,CMS DE-SynPUF,,,,,accept,"Tim 2026-09-26: PRD approved, all seven models"
cms-service-date,Service Date (SRVC_DT),XdTemporal,,CMS DE-SynPUF,,,,,accept,"Tim 2026-09-26: PRD approved, all seven models"
cms-sex-code,Sex (BENE_SEX_IDENT_CD),XdToken,,CMS DE-SynPUF,,,,,accept,"Tim 2026-09-26: PRD approved, all seven models"
cms-state-code,State Code (SP_STATE_CODE),XdString,,CMS DE-SynPUF,,,,,accept,"Tim 2026-09-26: PRD approved, all seven models"
cms-total-prescription-cost,Total Prescription Cost,XdQuantity,,CMS DE-SynPUF,,,,,accept,"Tim 2026-09-26: PRD approved, all seven models"
condition-alzheimers-disease,Condition: Alzheimer's Disease or Related Disorder,XdToken,,FAIR Data Demo,,,,,accept,"Tim 2026-09-26: PRD approved, all seven models"
condition-angina,Condition: Angina,XdToken,,FAIR Data Demo,,,,,accept,"Tim 2026-09-26: PRD approved, all seven models"
condition-arthritis,Condition: Arthritis,XdToken,,FAIR Data Demo,,,,,accept,"Tim 2026-09-26: PRD approved, all seven models"
condition-asthma,Condition: Asthma,XdToken,,FAIR Data Demo,,,,,accept,"Tim 2026-09-26: PRD approved, all seven models"
condition-cancer,Condition: Cancer,XdToken,,FAIR Data Demo,,,,,accept,"Tim 2026-09-26: PRD approved, all seven models"
condition-chronic-bronchitis,Condition: Chronic Bronchitis,XdToken,,FAIR Data Demo,,,,,accept,"Tim 2026-09-26: PRD approved, all seven models"
condition-congestive-heart-failure,Condition: Congestive Heart Failure,XdToken,,FAIR Data Demo,,,,,accept,"Tim 2026-09-26: PRD approved, all seven models"
condition-copd,Condition: COPD,XdToken,,FAIR Data Demo,,,,,accept,"Tim 2026-09-26: PRD approved, all seven models"
condition-coronary-heart-disease,Condition: Coronary Heart Disease,XdToken,,FAIR Data Demo,,,,,accept,"Tim 2026-09-26: PRD approved, all seven models"
condition-depression,Condition: Depression,XdToken,,FAIR Data Demo,,,,,accept,"Tim 2026-09-26: PRD approved, all seven models"
condition-diabetes,Condition: Diabetes,XdToken,,FAIR Data Demo,,,,,accept,"Tim 2026-09-26: PRD approved, all seven models"
condition-emphysema,Condition: Emphysema,XdToken,,FAIR Data Demo,,,,,accept,"Tim 2026-09-26: PRD approved, all seven models"
condition-heart-attack,Condition: Heart Attack,XdToken,,FAIR Data Demo,,,,,accept,"Tim 2026-09-26: PRD approved, all seven models"
condition-high-blood-pressure,Condition: High Blood Pressure,XdToken,,FAIR Data Demo,,,,,accept,"Tim 2026-09-26: PRD approved, all seven models"
condition-high-cholesterol,Condition: High Cholesterol,XdToken,,FAIR Data Demo,,,,,accept,"Tim 2026-09-26: PRD approved, all seven models"
condition-indicator-basis,Condition Indicator Basis,XdToken,,FAIR Data Demo,,,,,accept,"Tim 2026-09-26: PRD approved, all seven models"
condition-kidney-disease,Condition: Kidney Disease,XdToken,,FAIR Data Demo,,,,,accept,"Tim 2026-09-26: PRD approved, all seven models"
condition-liver-condition,Condition: Liver Condition,XdToken,,FAIR Data Demo,,,,,accept,"Tim 2026-09-26: PRD approved, all seven models"
condition-osteoporosis,Condition: Osteoporosis,XdToken,,FAIR Data Demo,,,,,accept,"Tim 2026-09-26: PRD approved, all seven models"
condition-skin-cancer,Condition: Skin Cancer,XdToken,,FAIR Data Demo,,,,,accept,"Tim 2026-09-26: PRD approved, all seven models"
condition-stroke,Condition: Stroke,XdToken,,FAIR Data Demo,,,,,accept,"Tim 2026-09-26: PRD approved, all seven models"
condition-thyroid-problem,Condition: Thyroid Problem,XdToken,,FAIR Data Demo,,,,,accept,"Tim 2026-09-26: PRD approved, all seven models"
diagnosis-icd9cm-code,Diagnosis Code (ICD-9-CM),XdString,,ICD-9-CM,http://hl7.org/fhir/sid/icd-9-cm,,,,accept,"Tim 2026-09-26: PRD approved, all seven models"
diagnosis-icd9cm,Diagnosis (ICD-9-CM),Cluster,,ICD-9-CM,http://hl7.org/fhir/R4/datatypes.html#Coding,diagnosis-icd9cm-code | https://axius-sdc.com/library/fhir/code-display-text | system-icd9cm,,,accept,"Tim 2026-09-26: PRD approved, all seven models"
fair-source-file,FAIR Source File,Cluster,,FAIR Data Demo,http://www.w3.org/ns/prov#Entity,https://axius-sdc.com/library/provgov/prov-entity,,,accept,"Tim 2026-09-26: PRD approved, all seven models"
fair-system-identifier,FAIR Pipeline Identifier,XdString,,FAIR Data Demo,http://www.w3.org/ns/prov#SoftwareAgent,,,,accept,"Tim 2026-09-26: PRD approved, all seven models"
general-health-status,General Health Status,XdToken,,FAIR Data Demo,,,,,accept,"Tim 2026-09-26: PRD approved, all seven models"
hcpcs-code,HCPCS Code,XdString,,HCPCS,http://www.ama-assn.org/go/cpt,,,,accept,"Tim 2026-09-26: PRD approved, all seven models"
ndc-code,Product Service ID (NDC),XdString,,NDC,http://hl7.org/fhir/sid/ndc,,,,accept,"Tim 2026-09-26: PRD approved, all seven models"
nhanes-age-in-months-at-screening,Age in Months at Screening (RIDAGEMN),XdCount,,NHANES 2017-2018,,,,,accept,"Tim 2026-09-26: PRD approved, all seven models"
nhanes-age-started-smoking,Age Started Smoking Cigarettes Regularly (SMD030),XdCount,,NHANES 2017-2018,,,,,accept,"Tim 2026-09-26: PRD approved, all seven models"
nhanes-annual-household-income,Annual Household Income (INDHHIN2),XdToken,,NHANES 2017-2018,,,,,accept,"Tim 2026-09-26: PRD approved, all seven models"
nhanes-arm-selected,Arm Selected (BPAARM),XdToken,,NHANES 2017-2018,,,,,accept,"Tim 2026-09-26: PRD approved, all seven models"
nhanes-basophil-count,Basophils Number,XdQuantity,,NHANES 2017-2018,https://loinc.org/704-7/,,,,accept,"Tim 2026-09-26: PRD approved, all seven models"
nhanes-basophil-percent,Basophils Percent,XdQuantity,,NHANES 2017-2018,https://loinc.org/706-2/,,,,accept,"Tim 2026-09-26: PRD approved, all seven models"
nhanes-blood-pressure-reading-1,Blood Pressure Reading 1,Cluster,,NHANES 2017-2018,https://loinc.org/85354-9/,https://axius-sdc.com/library/fhir/blood-pressure,,,accept,"Tim 2026-09-26: PRD approved, all seven models"
nhanes-blood-pressure-reading-2,Blood Pressure Reading 2,Cluster,,NHANES 2017-2018,https://loinc.org/85354-9/,https://axius-sdc.com/library/fhir/blood-pressure,,,accept,"Tim 2026-09-26: PRD approved, all seven models"
nhanes-blood-pressure-reading-3,Blood Pressure Reading 3,Cluster,,NHANES 2017-2018,https://loinc.org/85354-9/,https://axius-sdc.com/library/fhir/blood-pressure,,,accept,"Tim 2026-09-26: PRD approved, all seven models"
nhanes-blood-pressure,NHANES Blood Pressure,Cluster,,NHANES 2017-2018,https://loinc.org/85354-9/,nhanes-arm-selected | nhanes-coded-cuff-size | https://axius-sdc.com/library/fhir/heart-rate | nhanes-pulse-regularity | nhanes-maximum-inflation-level | nhanes-blood-pressure-reading-1 | nhanes-blood-pressure-reading-2 | nhanes-blood-pressure-reading-3,,,accept,"Tim 2026-09-26: PRD approved, all seven models"
nhanes-cigarettes-per-day-past-30-days,"Average Cigarettes per Day, Past 30 Days (SMD650)",XdCount,,NHANES 2017-2018,,,,,accept,"Tim 2026-09-26: PRD approved, all seven models"
nhanes-citizenship-status,Citizenship Status (DMDCITZN),XdToken,,NHANES 2017-2018,,,,,accept,"Tim 2026-09-26: PRD approved, all seven models"
nhanes-coded-cuff-size,Coded Cuff Size (BPACSZ),XdToken,,NHANES 2017-2018,,,,,accept,"Tim 2026-09-26: PRD approved, all seven models"
nhanes-confusion-memory-problems,Experience Confusion or Memory Problems (PFQ057),XdToken,,NHANES 2017-2018,,,,,accept,"Tim 2026-09-26: PRD approved, all seven models"
nhanes-country-of-birth,Country of Birth (DMDBORN4),XdToken,,NHANES 2017-2018,,,,,accept,"Tim 2026-09-26: PRD approved, all seven models"
nhanes-data-release-cycle,Data Release Cycle (SDDSRVYR),XdToken,,NHANES 2017-2018,,,,,accept,"Tim 2026-09-26: PRD approved, all seven models"
nhanes-days-taken-medicine,Number of Days Taken Medicine (RXDDAYS),XdCount,,NHANES 2017-2018,,,,,accept,"Tim 2026-09-26: PRD approved, all seven models"
nhanes-demographics,NHANES Demographics,Cluster,,NHANES 2017-2018,http://purl.obolibrary.org/obo/NCIT_C16495,https://axius-sdc.com/library/default/administrative-gender | nhanes-gender-code | ct:wuvdeiwoe5bna7nlhcl1c4h9 | nhanes-age-in-months-at-screening | ct:u5tietya3u56hbz2kos06ai7 | nhanes-race-hispanic-origin | nhanes-country-of-birth | nhanes-citizenship-status | ct:xtbtk7ro6s9247bcwt4ak4h1 | nhanes-education-level-adults | ct:qsetd453kk9own8co1wmc5cz | nhanes-marital-status | ct:owjt9bcgisxfbco8qnddo2fq | nhanes-pregnancy-status-at-exam | veteran-status | nhanes-household-size | nhanes-annual-household-income | nhanes-family-income-poverty-ratio,,,accept,"Tim 2026-09-26: PRD approved, all seven models"
nhanes-doctor-said-overweight,Doctor Ever Said You Were Overweight (MCQ080),XdToken,,NHANES 2017-2018,,,,,accept,"Tim 2026-09-26: PRD approved, all seven models"
nhanes-dressing,Difficulty Dressing Yourself (PFQ061L),XdToken,,NHANES 2017-2018,,,,,accept,"Tim 2026-09-26: PRD approved, all seven models"
nhanes-education-level-adults,Education Level - Adults 20+ (DMDEDUC2),XdToken,,NHANES 2017-2018,,,,,accept,"Tim 2026-09-26: PRD approved, all seven models"
nhanes-eosinophil-count,Eosinophils Number,XdQuantity,,NHANES 2017-2018,https://loinc.org/711-2/,,,,accept,"Tim 2026-09-26: PRD approved, all seven models"
nhanes-eosinophil-percent,Eosinophils Percent,XdQuantity,,NHANES 2017-2018,https://loinc.org/713-8/,,,,accept,"Tim 2026-09-26: PRD approved, all seven models"
nhanes-ever-used-e-cigarette,Ever Used an E-cigarette (SMQ900),XdToken,,NHANES 2017-2018,,,,,accept,"Tim 2026-09-26: PRD approved, all seven models"
nhanes-family-income-poverty-ratio,Ratio of Family Income to Poverty (INDFMPIR),XdQuantity,,NHANES 2017-2018,,,,,accept,"Tim 2026-09-26: PRD approved, all seven models"
nhanes-gender-code,Gender (RIAGENDR),XdToken,,NHANES 2017-2018,,,,,accept,"Tim 2026-09-26: PRD approved, all seven models"
nhanes-generic-drug-code,Generic Drug Code (RXDDRGID),XdString,,NHANES 2017-2018,,,,,accept,"Tim 2026-09-26: PRD approved, all seven models"
nhanes-generic-drug-name,Generic Drug Name (RXDDRUG),XdString,,NHANES 2017-2018,,,,,accept,"Tim 2026-09-26: PRD approved, all seven models"
nhanes-getting-in-and-out-of-bed,Difficulty Getting In and Out of Bed (PFQ061J),XdToken,,NHANES 2017-2018,,,,,accept,"Tim 2026-09-26: PRD approved, all seven models"
nhanes-hematocrit,Hematocrit,XdQuantity,,NHANES 2017-2018,https://loinc.org/4544-3/,,,,accept,"Tim 2026-09-26: PRD approved, all seven models"
nhanes-hemoglobin,Hemoglobin,XdQuantity,,NHANES 2017-2018,https://loinc.org/718-7/,,,,accept,"Tim 2026-09-26: PRD approved, all seven models"
nhanes-household-size,Total Number of People in the Household (DMDHHSIZ),XdCount,,NHANES 2017-2018,,,,,accept,"Tim 2026-09-26: PRD approved, all seven models"
nhanes-interview-examination-status,Interview/Examination Status (RIDSTATR),XdToken,,NHANES 2017-2018,,,,,accept,"Tim 2026-09-26: PRD approved, all seven models"
nhanes-interview-weight,Full Sample 2 Year Interview Weight (WTINT2YR),XdQuantity,,NHANES 2017-2018,,,,,accept,"Tim 2026-09-26: PRD approved, all seven models"
nhanes-laboratory-results,NHANES Laboratory Results,Cluster,,NHANES 2017-2018,http://hl7.org/fhir/StructureDefinition/Observation,nhanes-total-cholesterol | nhanes-total-cholesterol-si | nhanes-white-blood-cell-count | nhanes-lymphocyte-percent | nhanes-monocyte-percent | nhanes-neutrophil-percent | nhanes-eosinophil-percent | nhanes-basophil-percent | nhanes-lymphocyte-count | nhanes-monocyte-count | nhanes-neutrophil-count | nhanes-eosinophil-count | nhanes-basophil-count | nhanes-red-blood-cell-count | nhanes-hemoglobin | nhanes-hematocrit | nhanes-mean-cell-volume | nhanes-mean-cell-hemoglobin | nhanes-mean-cell-hemoglobin-concentration | nhanes-red-cell-distribution-width | nhanes-platelet-count | nhanes-mean-platelet-volume | nhanes-nucleated-red-blood-cells,,,accept,"Tim 2026-09-26: PRD approved, all seven models"
nhanes-lifting-or-carrying,Difficulty Lifting or Carrying (PFQ061E),XdToken,,NHANES 2017-2018,,,,,accept,"Tim 2026-09-26: PRD approved, all seven models"
nhanes-limitations-keeping-from-working,Limitations Keeping You from Working (PFQ049),XdToken,,NHANES 2017-2018,,,,,accept,"Tim 2026-09-26: PRD approved, all seven models"
nhanes-lymphocyte-count,Lymphocyte Number,XdQuantity,,NHANES 2017-2018,https://loinc.org/731-0/,,,,accept,"Tim 2026-09-26: PRD approved, all seven models"
nhanes-lymphocyte-percent,Lymphocyte Percent,XdQuantity,,NHANES 2017-2018,https://loinc.org/736-9/,,,,accept,"Tim 2026-09-26: PRD approved, all seven models"
nhanes-marital-status,Marital Status (DMDMARTL),XdToken,,NHANES 2017-2018,,,,,accept,"Tim 2026-09-26: PRD approved, all seven models"
nhanes-masked-variance-psu,Masked Variance Pseudo-PSU (SDMVPSU),XdCount,,NHANES 2017-2018,,,,,accept,"Tim 2026-09-26: PRD approved, all seven models"
nhanes-masked-variance-stratum,Masked Variance Pseudo-Stratum (SDMVSTRA),XdCount,,NHANES 2017-2018,,,,,accept,"Tim 2026-09-26: PRD approved, all seven models"
nhanes-maximum-inflation-level,Maximum Inflation Level (BPXML1),XdQuantity,,NHANES 2017-2018,,,,,accept,"Tim 2026-09-26: PRD approved, all seven models"
nhanes-mean-cell-hemoglobin-concentration,Mean Cell Hemoglobin Concentration,XdQuantity,,NHANES 2017-2018,https://loinc.org/786-4/,,,,accept,"Tim 2026-09-26: PRD approved, all seven models"
nhanes-mean-cell-hemoglobin,Mean Cell Hemoglobin,XdQuantity,,NHANES 2017-2018,https://loinc.org/785-6/,,,,accept,"Tim 2026-09-26: PRD approved, all seven models"
nhanes-mean-cell-volume,Mean Cell Volume,XdQuantity,,NHANES 2017-2018,https://loinc.org/787-2/,,,,accept,"Tim 2026-09-26: PRD approved, all seven models"
nhanes-mean-platelet-volume,Mean Platelet Volume,XdQuantity,,NHANES 2017-2018,https://loinc.org/32623-1/,,,,accept,"Tim 2026-09-26: PRD approved, all seven models"
nhanes-mec-exam-weight,Full Sample 2 Year MEC Exam Weight (WTMEC2YR),XdQuantity,,NHANES 2017-2018,,,,,accept,"Tim 2026-09-26: PRD approved, all seven models"
nhanes-medical-conditions,NHANES Medical Conditions,Cluster,,NHANES 2017-2018,http://purl.obolibrary.org/obo/NCIT_C2991,chronic-condition-indicators | nhanes-still-have-asthma | nhanes-doctor-said-overweight,,,accept,"Tim 2026-09-26: PRD approved, all seven models"
nhanes-medication-governed-record,NHANES Medication Governed Record,Cluster,,FAIR Data Demo,http://www.w3.org/ns/prov#Entity,nhanes-medication | https://axius-sdc.com/library/provgov/prov-activity | https://axius-sdc.com/library/provgov/prov-agent | https://axius-sdc.com/library/provgov/audit-event,,,accept,"Tim 2026-09-26: PRD approved, all seven models"
nhanes-medication-reason-1,Medication Reason 1,Cluster,,NHANES 2017-2018,http://hl7.org/fhir/R4/medicationrequest-definitions.html#MedicationRequest.reasonCode,https://axius-sdc.com/library/fhir/diagnosis-icd10cm,,,accept,"Tim 2026-09-26: PRD approved, all seven models"
nhanes-medication-reason-2,Medication Reason 2,Cluster,,NHANES 2017-2018,http://hl7.org/fhir/R4/medicationrequest-definitions.html#MedicationRequest.reasonCode,https://axius-sdc.com/library/fhir/diagnosis-icd10cm,,,accept,"Tim 2026-09-26: PRD approved, all seven models"
nhanes-medication-reason-3,Medication Reason 3,Cluster,,NHANES 2017-2018,http://hl7.org/fhir/R4/medicationrequest-definitions.html#MedicationRequest.reasonCode,https://axius-sdc.com/library/fhir/diagnosis-icd10cm,,,accept,"Tim 2026-09-26: PRD approved, all seven models"
nhanes-medication,NHANES Medication,Cluster,,NHANES 2017-2018,http://hl7.org/fhir/StructureDefinition/MedicationStatement,nhanes-respondent-sequence-number | nhanes-taken-prescription-past-month | nhanes-generic-drug-name | nhanes-generic-drug-code | nhanes-days-taken-medicine | nhanes-number-of-prescription-medicines | nhanes-medication-reason-1 | nhanes-medication-reason-2 | nhanes-medication-reason-3,,,accept,"Tim 2026-09-26: PRD approved, all seven models"
nhanes-monocyte-count,Monocyte Number,XdQuantity,,NHANES 2017-2018,https://loinc.org/742-7/,,,,accept,"Tim 2026-09-26: PRD approved, all seven models"
nhanes-monocyte-percent,Monocyte Percent,XdQuantity,,NHANES 2017-2018,https://loinc.org/5905-5/,,,,accept,"Tim 2026-09-26: PRD approved, all seven models"
nhanes-need-special-equipment-to-walk,Need Special Equipment to Walk (PFQ054),XdToken,,NHANES 2017-2018,,,,,accept,"Tim 2026-09-26: PRD approved, all seven models"
nhanes-neutrophil-count,Segmented Neutrophils Number,XdQuantity,,NHANES 2017-2018,https://loinc.org/751-8/,,,,accept,"Tim 2026-09-26: PRD approved, all seven models"
nhanes-neutrophil-percent,Segmented Neutrophils Percent,XdQuantity,,NHANES 2017-2018,https://loinc.org/770-8/,,,,accept,"Tim 2026-09-26: PRD approved, all seven models"
nhanes-now-smoke-cigarettes,Do You Now Smoke Cigarettes (SMQ040),XdToken,,NHANES 2017-2018,,,,,accept,"Tim 2026-09-26: PRD approved, all seven models"
nhanes-nucleated-red-blood-cells,Nucleated Red Blood Cells,XdQuantity,,NHANES 2017-2018,,,,,accept,"Tim 2026-09-26: PRD approved, all seven models"
nhanes-number-of-prescription-medicines,Number of Prescription Medicines Taken (RXDCOUNT),XdCount,,NHANES 2017-2018,,,,,accept,"Tim 2026-09-26: PRD approved, all seven models"
nhanes-participant-governed-record,NHANES Participant Governed Record,Cluster,,FAIR Data Demo,http://www.w3.org/ns/prov#Entity,nhanes-participant | https://axius-sdc.com/library/provgov/prov-activity | https://axius-sdc.com/library/provgov/prov-agent | https://axius-sdc.com/library/provgov/audit-event,,,accept,"Tim 2026-09-26: PRD approved, all seven models"
nhanes-participant,NHANES Participant,Cluster,,NHANES 2017-2018,http://purl.obolibrary.org/obo/NCIT_C41189,nhanes-respondent-sequence-number | nhanes-survey-design | nhanes-demographics | nhanes-blood-pressure | nhanes-laboratory-results | nhanes-smoking | nhanes-medical-conditions | nhanes-physical-functioning,,,accept,"Tim 2026-09-26: PRD approved, all seven models"
nhanes-physical-functioning,NHANES Physical Functioning,Cluster,,NHANES 2017-2018,http://purl.obolibrary.org/obo/NCIT_C20000,nhanes-limitations-keeping-from-working | nhanes-need-special-equipment-to-walk | nhanes-confusion-memory-problems | nhanes-walking-quarter-mile | nhanes-walking-up-ten-stairs | nhanes-stooping-crouching-kneeling | nhanes-lifting-or-carrying | nhanes-walking-between-rooms | nhanes-standing-up-from-chair | nhanes-getting-in-and-out-of-bed | nhanes-dressing | nhanes-standing-for-long-periods,,,accept,"Tim 2026-09-26: PRD approved, all seven models"
nhanes-platelet-count,Platelet Count,XdQuantity,,NHANES 2017-2018,https://loinc.org/777-3/,,,,accept,"Tim 2026-09-26: PRD approved, all seven models"
nhanes-pregnancy-status-at-exam,Pregnancy Status at Exam (RIDEXPRG),XdToken,,NHANES 2017-2018,,,,,accept,"Tim 2026-09-26: PRD approved, all seven models"
nhanes-pulse-regularity,Pulse Regular or Irregular (BPXPULS),XdToken,,NHANES 2017-2018,,,,,accept,"Tim 2026-09-26: PRD approved, all seven models"
nhanes-race-hispanic-origin,Race/Hispanic Origin with NH Asian (RIDRETH3),XdToken,,NHANES 2017-2018,,,,,accept,"Tim 2026-09-26: PRD approved, all seven models"
nhanes-red-blood-cell-count,Red Blood Cell Count,XdQuantity,,NHANES 2017-2018,https://loinc.org/789-8/,,,,accept,"Tim 2026-09-26: PRD approved, all seven models"
nhanes-red-cell-distribution-width,Red Cell Distribution Width,XdQuantity,,NHANES 2017-2018,https://loinc.org/788-0/,,,,accept,"Tim 2026-09-26: PRD approved, all seven models"
nhanes-respondent-sequence-number,Respondent Sequence Number (SEQN),XdString,,NHANES 2017-2018,,,,,accept,"Tim 2026-09-26: PRD approved, all seven models"
nhanes-smoked-100-cigarettes,Smoked at Least 100 Cigarettes in Life (SMQ020),XdToken,,NHANES 2017-2018,,,,,accept,"Tim 2026-09-26: PRD approved, all seven models"
nhanes-smoking,NHANES Smoking,Cluster,,NHANES 2017-2018,https://loinc.org/72166-2/,nhanes-smoked-100-cigarettes | nhanes-now-smoke-cigarettes | smoking-status | nhanes-age-started-smoking | nhanes-cigarettes-per-day-past-30-days | nhanes-ever-used-e-cigarette,,,accept,"Tim 2026-09-26: PRD approved, all seven models"
nhanes-standing-for-long-periods,Difficulty Standing for Long Periods (PFQ061M),XdToken,,NHANES 2017-2018,,,,,accept,"Tim 2026-09-26: PRD approved, all seven models"
nhanes-standing-up-from-chair,Difficulty Standing Up from an Armless Chair (PFQ061I),XdToken,,NHANES 2017-2018,,,,,accept,"Tim 2026-09-26: PRD approved, all seven models"
nhanes-still-have-asthma,Still Have Asthma (MCQ035),XdToken,,NHANES 2017-2018,,,,,accept,"Tim 2026-09-26: PRD approved, all seven models"
nhanes-stooping-crouching-kneeling,"Difficulty Stooping, Crouching or Kneeling (PFQ061D)",XdToken,,NHANES 2017-2018,,,,,accept,"Tim 2026-09-26: PRD approved, all seven models"
nhanes-survey-design,NHANES Survey Design,Cluster,,NHANES 2017-2018,http://purl.obolibrary.org/obo/NCIT_C142700,nhanes-data-release-cycle | nhanes-interview-examination-status | nhanes-interview-weight | nhanes-mec-exam-weight | nhanes-masked-variance-psu | nhanes-masked-variance-stratum,,,accept,"Tim 2026-09-26: PRD approved, all seven models"
nhanes-taken-prescription-past-month,"Taken Prescription Medicine, Past Month (RXDUSE)",XdToken,,NHANES 2017-2018,,,,,accept,"Tim 2026-09-26: PRD approved, all seven models"
nhanes-total-cholesterol-si,Total Cholesterol (SI),XdQuantity,,NHANES 2017-2018,https://loinc.org/2093-3/,,,,accept,"Tim 2026-09-26: PRD approved, all seven models"
nhanes-total-cholesterol,Total Cholesterol,XdQuantity,,NHANES 2017-2018,https://loinc.org/2093-3/,,,,accept,"Tim 2026-09-26: PRD approved, all seven models"
nhanes-walking-between-rooms,Difficulty Walking Between Rooms (PFQ061H),XdToken,,NHANES 2017-2018,,,,,accept,"Tim 2026-09-26: PRD approved, all seven models"
nhanes-walking-quarter-mile,Difficulty Walking a Quarter Mile (PFQ061B),XdToken,,NHANES 2017-2018,,,,,accept,"Tim 2026-09-26: PRD approved, all seven models"
nhanes-walking-up-ten-stairs,Difficulty Walking Up Ten Stairs (PFQ061C),XdToken,,NHANES 2017-2018,,,,,accept,"Tim 2026-09-26: PRD approved, all seven models"
nhanes-white-blood-cell-count,White Blood Cell Count,XdQuantity,,NHANES 2017-2018,https://loinc.org/6690-2/,,,,accept,"Tim 2026-09-26: PRD approved, all seven models"
procedure-hcpcs,Procedure (HCPCS),Cluster,,HCPCS,http://hl7.org/fhir/R4/datatypes.html#Coding,hcpcs-code | https://axius-sdc.com/library/fhir/code-display-text | system-hcpcs,,,accept,"Tim 2026-09-26: PRD approved, all seven models"
procedure-icd9cm-code,Procedure Code (ICD-9-CM),XdString,,ICD-9-CM,http://hl7.org/fhir/sid/icd-9-cm,,,,accept,"Tim 2026-09-26: PRD approved, all seven models"
procedure-icd9cm,Procedure (ICD-9-CM),Cluster,,ICD-9-CM,http://hl7.org/fhir/R4/datatypes.html#Coding,procedure-icd9cm-code | https://axius-sdc.com/library/fhir/code-display-text | system-icd9cm,,,accept,"Tim 2026-09-26: PRD approved, all seven models"
product-ndc,Product (NDC),Cluster,,NDC,http://hl7.org/fhir/R4/datatypes.html#Coding,ndc-code | https://axius-sdc.com/library/fhir/code-display-text | system-ndc,,,accept,"Tim 2026-09-26: PRD approved, all seven models"
smoking-status,Smoking Status,XdToken,,FAIR Data Demo,https://loinc.org/72166-2/,,,,accept,"Tim 2026-09-26: PRD approved, all seven models"
system-hcpcs,Code System: HCPCS,XdLink,,HCPCS,http://www.ama-assn.org/go/cpt,,,,accept,"Tim 2026-09-26: PRD approved, all seven models"
system-icd9cm,Code System: ICD-9-CM,XdLink,,ICD-9-CM,http://hl7.org/fhir/sid/icd-9-cm,,,,accept,"Tim 2026-09-26: PRD approved, all seven models"
system-ndc,Code System: NDC,XdLink,,NDC,http://hl7.org/fhir/sid/ndc,,,,accept,"Tim 2026-09-26: PRD approved, all seven models"
units-cigarettes,Cigarettes,Units,,QUDT,,,,,accept,"Tim 2026-09-26: PRD approved, all seven models"
units-days,Days,Units,,QUDT,,,,,accept,"Tim 2026-09-26: PRD approved, all seven models"
units-drinks,Drinks,Units,,QUDT,,,,,accept,"Tim 2026-09-26: PRD approved, all seven models"
units-femtolitre,Femtolitres,Units,,QUDT,,,,,accept,"Tim 2026-09-26: PRD approved, all seven models"
units-gram-per-decilitre,Grams per Decilitre,Units,,QUDT,,,,,accept,"Tim 2026-09-26: PRD approved, all seven models"
units-milligram-per-decilitre,Milligrams per Decilitre,Units,,QUDT,,,,,accept,"Tim 2026-09-26: PRD approved, all seven models"
units-millimole-per-litre,Millimoles per Litre,Units,,QUDT,,,,,accept,"Tim 2026-09-26: PRD approved, all seven models"
units-million-per-microlitre,Millions per Microlitre,Units,,QUDT,,,,,accept,"Tim 2026-09-26: PRD approved, all seven models"
units-months,Months,Units,,QUDT,,,,,accept,"Tim 2026-09-26: PRD approved, all seven models"
units-per-100-cells,Per 100 Cells,Units,,QUDT,,,,,accept,"Tim 2026-09-26: PRD approved, all seven models"
units-picogram,Picograms,Units,,QUDT,,,,,accept,"Tim 2026-09-26: PRD approved, all seven models"
units-sample-weight,Sample Weight,Units,,QUDT,,,,,accept,"Tim 2026-09-26: PRD approved, all seven models"
units-thousand-per-microlitre,Thousands per Microlitre,Units,,QUDT,,,,,accept,"Tim 2026-09-26: PRD approved, all seven models"
units-years,Years,Units,,QUDT,,,,,accept,"Tim 2026-09-26: PRD approved, all seven models"
veteran-status,Veteran Status,XdToken,,FAIR Data Demo,,,,,accept,"Tim 2026-09-26: PRD approved, all seven models"
