tiny_id,decision,note
brfss-annual-sequence-number,accept,"Tim 2026-09-26: PRD approved, all seven models"
brfss-average-drinks-per-day,accept,"Tim 2026-09-26: PRD approved, all seven models"
brfss-binge-drinking-occasions,accept,"Tim 2026-09-26: PRD approved, all seven models"
brfss-blind-or-difficulty-seeing,accept,"Tim 2026-09-26: PRD approved, all seven models"
brfss-bmi-category,accept,"Tim 2026-09-26: PRD approved, all seven models"
brfss-body-measures,accept,"Tim 2026-09-26: PRD approved, all seven models"
brfss-chronic-conditions,accept,"Tim 2026-09-26: PRD approved, all seven models"
brfss-computed-smoking-status,accept,"Tim 2026-09-26: PRD approved, all seven models"
brfss-days-drank-alcohol,accept,"Tim 2026-09-26: PRD approved, all seven models"
brfss-days-mental-health-not-good,accept,"Tim 2026-09-26: PRD approved, all seven models"
brfss-days-physical-health-not-good,accept,"Tim 2026-09-26: PRD approved, all seven models"
brfss-deaf-or-hard-of-hearing,accept,"Tim 2026-09-26: PRD approved, all seven models"
brfss-demographics,accept,"Tim 2026-09-26: PRD approved, all seven models"
brfss-difficulty-concentrating-or-remembering,accept,"Tim 2026-09-26: PRD approved, all seven models"
brfss-difficulty-doing-errands-alone,accept,"Tim 2026-09-26: PRD approved, all seven models"
brfss-difficulty-dressing-or-bathing,accept,"Tim 2026-09-26: PRD approved, all seven models"
brfss-difficulty-walking-or-climbing-stairs,accept,"Tim 2026-09-26: PRD approved, all seven models"
brfss-disability,accept,"Tim 2026-09-26: PRD approved, all seven models"
brfss-e-cigarette-use,accept,"Tim 2026-09-26: PRD approved, all seven models"
brfss-education-level,accept,"Tim 2026-09-26: PRD approved, all seven models"
brfss-employment-status,accept,"Tim 2026-09-26: PRD approved, all seven models"
brfss-exercise-in-past-30-days,accept,"Tim 2026-09-26: PRD approved, all seven models"
brfss-final-weight,accept,"Tim 2026-09-26: PRD approved, all seven models"
brfss-frequency-of-days-now-smoking,accept,"Tim 2026-09-26: PRD approved, all seven models"
brfss-health-status,accept,"Tim 2026-09-26: PRD approved, all seven models"
brfss-imputed-age-80,accept,"Tim 2026-09-26: PRD approved, all seven models"
brfss-imputed-race-ethnicity,accept,"Tim 2026-09-26: PRD approved, all seven models"
brfss-income-level,accept,"Tim 2026-09-26: PRD approved, all seven models"
brfss-interview-date,accept,"Tim 2026-09-26: PRD approved, all seven models"
brfss-length-since-last-checkup,accept,"Tim 2026-09-26: PRD approved, all seven models"
brfss-marital-status,accept,"Tim 2026-09-26: PRD approved, all seven models"
brfss-number-of-children-in-household,accept,"Tim 2026-09-26: PRD approved, all seven models"
brfss-pregnancy-status,accept,"Tim 2026-09-26: PRD approved, all seven models"
brfss-primary-sampling-unit,accept,"Tim 2026-09-26: PRD approved, all seven models"
brfss-primary-source-of-insurance,accept,"Tim 2026-09-26: PRD approved, all seven models"
brfss-reported-height,accept,"Tim 2026-09-26: PRD approved, all seven models"
brfss-reported-weight-in-pounds,accept,"Tim 2026-09-26: PRD approved, all seven models"
brfss-respondent-governed-record,accept,"Tim 2026-09-26: PRD approved, all seven models"
brfss-respondent,accept,"Tim 2026-09-26: PRD approved, all seven models"
brfss-sample-design-stratum,accept,"Tim 2026-09-26: PRD approved, all seven models"
brfss-sex-of-respondent,accept,"Tim 2026-09-26: PRD approved, all seven models"
brfss-smoked-100-cigarettes,accept,"Tim 2026-09-26: PRD approved, all seven models"
brfss-state-fips-code,accept,"Tim 2026-09-26: PRD approved, all seven models"
brfss-still-have-asthma,accept,"Tim 2026-09-26: PRD approved, all seven models"
brfss-survey-design,accept,"Tim 2026-09-26: PRD approved, all seven models"
brfss-tobacco-and-alcohol,accept,"Tim 2026-09-26: PRD approved, all seven models"
chronic-condition-indicators,accept,"Tim 2026-09-26: PRD approved, all seven models"
cms-admitting-diagnosis,accept,"Tim 2026-09-26: PRD approved, all seven models"
cms-annual-amounts,accept,"Tim 2026-09-26: PRD approved, all seven models"
cms-annual-carrier-beneficiary-responsibility,accept,"Tim 2026-09-26: PRD approved, all seven models"
cms-annual-carrier-medicare-reimbursement,accept,"Tim 2026-09-26: PRD approved, all seven models"
cms-annual-carrier-primary-payer-reimbursement,accept,"Tim 2026-09-26: PRD approved, all seven models"
cms-annual-inpatient-beneficiary-responsibility,accept,"Tim 2026-09-26: PRD approved, all seven models"
cms-annual-inpatient-medicare-reimbursement,accept,"Tim 2026-09-26: PRD approved, all seven models"
cms-annual-inpatient-primary-payer-reimbursement,accept,"Tim 2026-09-26: PRD approved, all seven models"
cms-annual-outpatient-beneficiary-responsibility,accept,"Tim 2026-09-26: PRD approved, all seven models"
cms-annual-outpatient-medicare-reimbursement,accept,"Tim 2026-09-26: PRD approved, all seven models"
cms-annual-outpatient-primary-payer-reimbursement,accept,"Tim 2026-09-26: PRD approved, all seven models"
cms-attending-physician-npi,accept,"Tim 2026-09-26: PRD approved, all seven models"
cms-beneficiary-code,accept,"Tim 2026-09-26: PRD approved, all seven models"
cms-beneficiary-demographics,accept,"Tim 2026-09-26: PRD approved, all seven models"
cms-beneficiary-discharge-date,accept,"Tim 2026-09-26: PRD approved, all seven models"
cms-beneficiary-governed-record,accept,"Tim 2026-09-26: PRD approved, all seven models"
cms-beneficiary,accept,"Tim 2026-09-26: PRD approved, all seven models"
cms-blood-deductible-liability-amount,accept,"Tim 2026-09-26: PRD approved, all seven models"
cms-claim-admission-date,accept,"Tim 2026-09-26: PRD approved, all seven models"
cms-claim-diagnosis-1,accept,"Tim 2026-09-26: PRD approved, all seven models"
cms-claim-diagnosis-10,accept,"Tim 2026-09-26: PRD approved, all seven models"
cms-claim-diagnosis-2,accept,"Tim 2026-09-26: PRD approved, all seven models"
cms-claim-diagnosis-3,accept,"Tim 2026-09-26: PRD approved, all seven models"
cms-claim-diagnosis-4,accept,"Tim 2026-09-26: PRD approved, all seven models"
cms-claim-diagnosis-5,accept,"Tim 2026-09-26: PRD approved, all seven models"
cms-claim-diagnosis-6,accept,"Tim 2026-09-26: PRD approved, all seven models"
cms-claim-diagnosis-7,accept,"Tim 2026-09-26: PRD approved, all seven models"
cms-claim-diagnosis-8,accept,"Tim 2026-09-26: PRD approved, all seven models"
cms-claim-diagnosis-9,accept,"Tim 2026-09-26: PRD approved, all seven models"
cms-claim-hcpcs-1,accept,"Tim 2026-09-26: PRD approved, all seven models"
cms-claim-hcpcs-10,accept,"Tim 2026-09-26: PRD approved, all seven models"
cms-claim-hcpcs-2,accept,"Tim 2026-09-26: PRD approved, all seven models"
cms-claim-hcpcs-3,accept,"Tim 2026-09-26: PRD approved, all seven models"
cms-claim-hcpcs-4,accept,"Tim 2026-09-26: PRD approved, all seven models"
cms-claim-hcpcs-5,accept,"Tim 2026-09-26: PRD approved, all seven models"
cms-claim-hcpcs-6,accept,"Tim 2026-09-26: PRD approved, all seven models"
cms-claim-hcpcs-7,accept,"Tim 2026-09-26: PRD approved, all seven models"
cms-claim-hcpcs-8,accept,"Tim 2026-09-26: PRD approved, all seven models"
cms-claim-hcpcs-9,accept,"Tim 2026-09-26: PRD approved, all seven models"
cms-claim-id,accept,"Tim 2026-09-26: PRD approved, all seven models"
cms-claim-line-segment,accept,"Tim 2026-09-26: PRD approved, all seven models"
cms-claim-payment-amount,accept,"Tim 2026-09-26: PRD approved, all seven models"
cms-claim-procedure-1,accept,"Tim 2026-09-26: PRD approved, all seven models"
cms-claim-procedure-2,accept,"Tim 2026-09-26: PRD approved, all seven models"
cms-claim-procedure-3,accept,"Tim 2026-09-26: PRD approved, all seven models"
cms-claim-procedure-4,accept,"Tim 2026-09-26: PRD approved, all seven models"
cms-claim-procedure-5,accept,"Tim 2026-09-26: PRD approved, all seven models"
cms-claim-procedure-6,accept,"Tim 2026-09-26: PRD approved, all seven models"
cms-claim-utilization-day-count,accept,"Tim 2026-09-26: PRD approved, all seven models"
cms-county-code,accept,"Tim 2026-09-26: PRD approved, all seven models"
cms-days-supply,accept,"Tim 2026-09-26: PRD approved, all seven models"
cms-diagnosis-related-group-code,accept,"Tim 2026-09-26: PRD approved, all seven models"
cms-end-stage-renal-disease-indicator,accept,"Tim 2026-09-26: PRD approved, all seven models"
cms-hmo-coverage-months,accept,"Tim 2026-09-26: PRD approved, all seven models"
cms-inpatient-claim-governed-record,accept,"Tim 2026-09-26: PRD approved, all seven models"
cms-inpatient-claim,accept,"Tim 2026-09-26: PRD approved, all seven models"
cms-inpatient-deductible-amount,accept,"Tim 2026-09-26: PRD approved, all seven models"
cms-medicare-coverage,accept,"Tim 2026-09-26: PRD approved, all seven models"
cms-operating-physician-npi,accept,"Tim 2026-09-26: PRD approved, all seven models"
cms-other-physician-npi,accept,"Tim 2026-09-26: PRD approved, all seven models"
cms-outpatient-claim-governed-record,accept,"Tim 2026-09-26: PRD approved, all seven models"
cms-outpatient-claim,accept,"Tim 2026-09-26: PRD approved, all seven models"
cms-part-a-coinsurance-liability-amount,accept,"Tim 2026-09-26: PRD approved, all seven models"
cms-part-a-coverage-months,accept,"Tim 2026-09-26: PRD approved, all seven models"
cms-part-b-coinsurance-amount,accept,"Tim 2026-09-26: PRD approved, all seven models"
cms-part-b-coverage-months,accept,"Tim 2026-09-26: PRD approved, all seven models"
cms-part-b-deductible-amount,accept,"Tim 2026-09-26: PRD approved, all seven models"
cms-part-d-coverage-months,accept,"Tim 2026-09-26: PRD approved, all seven models"
cms-pass-through-per-diem-amount,accept,"Tim 2026-09-26: PRD approved, all seven models"
cms-patient-pay-amount,accept,"Tim 2026-09-26: PRD approved, all seven models"
cms-prescription-drug-event-governed-record,accept,"Tim 2026-09-26: PRD approved, all seven models"
cms-prescription-drug-event-id,accept,"Tim 2026-09-26: PRD approved, all seven models"
cms-prescription-drug-event,accept,"Tim 2026-09-26: PRD approved, all seven models"
cms-primary-payer-claim-paid-amount,accept,"Tim 2026-09-26: PRD approved, all seven models"
cms-provider-institution,accept,"Tim 2026-09-26: PRD approved, all seven models"
cms-quantity-dispensed,accept,"Tim 2026-09-26: PRD approved, all seven models"
cms-race-code,accept,"Tim 2026-09-26: PRD approved, all seven models"
cms-service-date,accept,"Tim 2026-09-26: PRD approved, all seven models"
cms-sex-code,accept,"Tim 2026-09-26: PRD approved, all seven models"
cms-state-code,accept,"Tim 2026-09-26: PRD approved, all seven models"
cms-total-prescription-cost,accept,"Tim 2026-09-26: PRD approved, all seven models"
condition-alzheimers-disease,accept,"Tim 2026-09-26: PRD approved, all seven models"
condition-angina,accept,"Tim 2026-09-26: PRD approved, all seven models"
condition-arthritis,accept,"Tim 2026-09-26: PRD approved, all seven models"
condition-asthma,accept,"Tim 2026-09-26: PRD approved, all seven models"
condition-cancer,accept,"Tim 2026-09-26: PRD approved, all seven models"
condition-chronic-bronchitis,accept,"Tim 2026-09-26: PRD approved, all seven models"
condition-congestive-heart-failure,accept,"Tim 2026-09-26: PRD approved, all seven models"
condition-copd,accept,"Tim 2026-09-26: PRD approved, all seven models"
condition-coronary-heart-disease,accept,"Tim 2026-09-26: PRD approved, all seven models"
condition-depression,accept,"Tim 2026-09-26: PRD approved, all seven models"
condition-diabetes,accept,"Tim 2026-09-26: PRD approved, all seven models"
condition-emphysema,accept,"Tim 2026-09-26: PRD approved, all seven models"
condition-heart-attack,accept,"Tim 2026-09-26: PRD approved, all seven models"
condition-high-blood-pressure,accept,"Tim 2026-09-26: PRD approved, all seven models"
condition-high-cholesterol,accept,"Tim 2026-09-26: PRD approved, all seven models"
condition-indicator-basis,accept,"Tim 2026-09-26: PRD approved, all seven models"
condition-kidney-disease,accept,"Tim 2026-09-26: PRD approved, all seven models"
condition-liver-condition,accept,"Tim 2026-09-26: PRD approved, all seven models"
condition-osteoporosis,accept,"Tim 2026-09-26: PRD approved, all seven models"
condition-skin-cancer,accept,"Tim 2026-09-26: PRD approved, all seven models"
condition-stroke,accept,"Tim 2026-09-26: PRD approved, all seven models"
condition-thyroid-problem,accept,"Tim 2026-09-26: PRD approved, all seven models"
diagnosis-icd9cm-code,accept,"Tim 2026-09-26: PRD approved, all seven models"
diagnosis-icd9cm,accept,"Tim 2026-09-26: PRD approved, all seven models"
fair-source-file,accept,"Tim 2026-09-26: PRD approved, all seven models"
fair-system-identifier,accept,"Tim 2026-09-26: PRD approved, all seven models"
general-health-status,accept,"Tim 2026-09-26: PRD approved, all seven models"
hcpcs-code,accept,"Tim 2026-09-26: PRD approved, all seven models"
ndc-code,accept,"Tim 2026-09-26: PRD approved, all seven models"
nhanes-age-in-months-at-screening,accept,"Tim 2026-09-26: PRD approved, all seven models"
nhanes-age-started-smoking,accept,"Tim 2026-09-26: PRD approved, all seven models"
nhanes-annual-household-income,accept,"Tim 2026-09-26: PRD approved, all seven models"
nhanes-arm-selected,accept,"Tim 2026-09-26: PRD approved, all seven models"
nhanes-basophil-count,accept,"Tim 2026-09-26: PRD approved, all seven models"
nhanes-basophil-percent,accept,"Tim 2026-09-26: PRD approved, all seven models"
nhanes-blood-pressure-reading-1,accept,"Tim 2026-09-26: PRD approved, all seven models"
nhanes-blood-pressure-reading-2,accept,"Tim 2026-09-26: PRD approved, all seven models"
nhanes-blood-pressure-reading-3,accept,"Tim 2026-09-26: PRD approved, all seven models"
nhanes-blood-pressure,accept,"Tim 2026-09-26: PRD approved, all seven models"
nhanes-cigarettes-per-day-past-30-days,accept,"Tim 2026-09-26: PRD approved, all seven models"
nhanes-citizenship-status,accept,"Tim 2026-09-26: PRD approved, all seven models"
nhanes-coded-cuff-size,accept,"Tim 2026-09-26: PRD approved, all seven models"
nhanes-confusion-memory-problems,accept,"Tim 2026-09-26: PRD approved, all seven models"
nhanes-country-of-birth,accept,"Tim 2026-09-26: PRD approved, all seven models"
nhanes-data-release-cycle,accept,"Tim 2026-09-26: PRD approved, all seven models"
nhanes-days-taken-medicine,accept,"Tim 2026-09-26: PRD approved, all seven models"
nhanes-demographics,accept,"Tim 2026-09-26: PRD approved, all seven models"
nhanes-doctor-said-overweight,accept,"Tim 2026-09-26: PRD approved, all seven models"
nhanes-dressing,accept,"Tim 2026-09-26: PRD approved, all seven models"
nhanes-education-level-adults,accept,"Tim 2026-09-26: PRD approved, all seven models"
nhanes-eosinophil-count,accept,"Tim 2026-09-26: PRD approved, all seven models"
nhanes-eosinophil-percent,accept,"Tim 2026-09-26: PRD approved, all seven models"
nhanes-ever-used-e-cigarette,accept,"Tim 2026-09-26: PRD approved, all seven models"
nhanes-family-income-poverty-ratio,accept,"Tim 2026-09-26: PRD approved, all seven models"
nhanes-gender-code,accept,"Tim 2026-09-26: PRD approved, all seven models"
nhanes-generic-drug-code,accept,"Tim 2026-09-26: PRD approved, all seven models"
nhanes-generic-drug-name,accept,"Tim 2026-09-26: PRD approved, all seven models"
nhanes-getting-in-and-out-of-bed,accept,"Tim 2026-09-26: PRD approved, all seven models"
nhanes-hematocrit,accept,"Tim 2026-09-26: PRD approved, all seven models"
nhanes-hemoglobin,accept,"Tim 2026-09-26: PRD approved, all seven models"
nhanes-household-size,accept,"Tim 2026-09-26: PRD approved, all seven models"
nhanes-interview-examination-status,accept,"Tim 2026-09-26: PRD approved, all seven models"
nhanes-interview-weight,accept,"Tim 2026-09-26: PRD approved, all seven models"
nhanes-laboratory-results,accept,"Tim 2026-09-26: PRD approved, all seven models"
nhanes-lifting-or-carrying,accept,"Tim 2026-09-26: PRD approved, all seven models"
nhanes-limitations-keeping-from-working,accept,"Tim 2026-09-26: PRD approved, all seven models"
nhanes-lymphocyte-count,accept,"Tim 2026-09-26: PRD approved, all seven models"
nhanes-lymphocyte-percent,accept,"Tim 2026-09-26: PRD approved, all seven models"
nhanes-marital-status,accept,"Tim 2026-09-26: PRD approved, all seven models"
nhanes-masked-variance-psu,accept,"Tim 2026-09-26: PRD approved, all seven models"
nhanes-masked-variance-stratum,accept,"Tim 2026-09-26: PRD approved, all seven models"
nhanes-maximum-inflation-level,accept,"Tim 2026-09-26: PRD approved, all seven models"
nhanes-mean-cell-hemoglobin-concentration,accept,"Tim 2026-09-26: PRD approved, all seven models"
nhanes-mean-cell-hemoglobin,accept,"Tim 2026-09-26: PRD approved, all seven models"
nhanes-mean-cell-volume,accept,"Tim 2026-09-26: PRD approved, all seven models"
nhanes-mean-platelet-volume,accept,"Tim 2026-09-26: PRD approved, all seven models"
nhanes-mec-exam-weight,accept,"Tim 2026-09-26: PRD approved, all seven models"
nhanes-medical-conditions,accept,"Tim 2026-09-26: PRD approved, all seven models"
nhanes-medication-governed-record,accept,"Tim 2026-09-26: PRD approved, all seven models"
nhanes-medication-reason-1,accept,"Tim 2026-09-26: PRD approved, all seven models"
nhanes-medication-reason-2,accept,"Tim 2026-09-26: PRD approved, all seven models"
nhanes-medication-reason-3,accept,"Tim 2026-09-26: PRD approved, all seven models"
nhanes-medication,accept,"Tim 2026-09-26: PRD approved, all seven models"
nhanes-monocyte-count,accept,"Tim 2026-09-26: PRD approved, all seven models"
nhanes-monocyte-percent,accept,"Tim 2026-09-26: PRD approved, all seven models"
nhanes-need-special-equipment-to-walk,accept,"Tim 2026-09-26: PRD approved, all seven models"
nhanes-neutrophil-count,accept,"Tim 2026-09-26: PRD approved, all seven models"
nhanes-neutrophil-percent,accept,"Tim 2026-09-26: PRD approved, all seven models"
nhanes-now-smoke-cigarettes,accept,"Tim 2026-09-26: PRD approved, all seven models"
nhanes-nucleated-red-blood-cells,accept,"Tim 2026-09-26: PRD approved, all seven models"
nhanes-number-of-prescription-medicines,accept,"Tim 2026-09-26: PRD approved, all seven models"
nhanes-participant-governed-record,accept,"Tim 2026-09-26: PRD approved, all seven models"
nhanes-participant,accept,"Tim 2026-09-26: PRD approved, all seven models"
nhanes-physical-functioning,accept,"Tim 2026-09-26: PRD approved, all seven models"
nhanes-platelet-count,accept,"Tim 2026-09-26: PRD approved, all seven models"
nhanes-pregnancy-status-at-exam,accept,"Tim 2026-09-26: PRD approved, all seven models"
nhanes-pulse-regularity,accept,"Tim 2026-09-26: PRD approved, all seven models"
nhanes-race-hispanic-origin,accept,"Tim 2026-09-26: PRD approved, all seven models"
nhanes-red-blood-cell-count,accept,"Tim 2026-09-26: PRD approved, all seven models"
nhanes-red-cell-distribution-width,accept,"Tim 2026-09-26: PRD approved, all seven models"
nhanes-respondent-sequence-number,accept,"Tim 2026-09-26: PRD approved, all seven models"
nhanes-smoked-100-cigarettes,accept,"Tim 2026-09-26: PRD approved, all seven models"
nhanes-smoking,accept,"Tim 2026-09-26: PRD approved, all seven models"
nhanes-standing-for-long-periods,accept,"Tim 2026-09-26: PRD approved, all seven models"
nhanes-standing-up-from-chair,accept,"Tim 2026-09-26: PRD approved, all seven models"
nhanes-still-have-asthma,accept,"Tim 2026-09-26: PRD approved, all seven models"
nhanes-stooping-crouching-kneeling,accept,"Tim 2026-09-26: PRD approved, all seven models"
nhanes-survey-design,accept,"Tim 2026-09-26: PRD approved, all seven models"
nhanes-taken-prescription-past-month,accept,"Tim 2026-09-26: PRD approved, all seven models"
nhanes-total-cholesterol-si,accept,"Tim 2026-09-26: PRD approved, all seven models"
nhanes-total-cholesterol,accept,"Tim 2026-09-26: PRD approved, all seven models"
nhanes-walking-between-rooms,accept,"Tim 2026-09-26: PRD approved, all seven models"
nhanes-walking-quarter-mile,accept,"Tim 2026-09-26: PRD approved, all seven models"
nhanes-walking-up-ten-stairs,accept,"Tim 2026-09-26: PRD approved, all seven models"
nhanes-white-blood-cell-count,accept,"Tim 2026-09-26: PRD approved, all seven models"
procedure-hcpcs,accept,"Tim 2026-09-26: PRD approved, all seven models"
procedure-icd9cm-code,accept,"Tim 2026-09-26: PRD approved, all seven models"
procedure-icd9cm,accept,"Tim 2026-09-26: PRD approved, all seven models"
product-ndc,accept,"Tim 2026-09-26: PRD approved, all seven models"
smoking-status,accept,"Tim 2026-09-26: PRD approved, all seven models"
system-hcpcs,accept,"Tim 2026-09-26: PRD approved, all seven models"
system-icd9cm,accept,"Tim 2026-09-26: PRD approved, all seven models"
system-ndc,accept,"Tim 2026-09-26: PRD approved, all seven models"
units-cigarettes,accept,"Tim 2026-09-26: PRD approved, all seven models"
units-days,accept,"Tim 2026-09-26: PRD approved, all seven models"
units-drinks,accept,"Tim 2026-09-26: PRD approved, all seven models"
units-femtolitre,accept,"Tim 2026-09-26: PRD approved, all seven models"
units-gram-per-decilitre,accept,"Tim 2026-09-26: PRD approved, all seven models"
units-milligram-per-decilitre,accept,"Tim 2026-09-26: PRD approved, all seven models"
units-millimole-per-litre,accept,"Tim 2026-09-26: PRD approved, all seven models"
units-million-per-microlitre,accept,"Tim 2026-09-26: PRD approved, all seven models"
units-months,accept,"Tim 2026-09-26: PRD approved, all seven models"
units-per-100-cells,accept,"Tim 2026-09-26: PRD approved, all seven models"
units-picogram,accept,"Tim 2026-09-26: PRD approved, all seven models"
units-sample-weight,accept,"Tim 2026-09-26: PRD approved, all seven models"
units-thousand-per-microlitre,accept,"Tim 2026-09-26: PRD approved, all seven models"
units-years,accept,"Tim 2026-09-26: PRD approved, all seven models"
veteran-status,accept,"Tim 2026-09-26: PRD approved, all seven models"
